PID,ReportType,ErrorMessage
PID-P6P278,TCIN,Failed to retrieve product information
PID-R6MPZ8,TCIN,Failed to retrieve product information
PID-WR25MG,TCIN,Failed to retrieve product information
PID-YP379X,TCIN,Failed to retrieve product information
PID-54Z3PG,TCIN,Failed to retrieve product information
PID-712PWG,TCIN,Failed to retrieve product information
PID-878MPL,TCIN,Failed to retrieve product information
PID-9K541Y,TCIN,Failed to retrieve product information
PID-G80Z10,TCIN,Failed to retrieve product information
PID-KL0M3M,TCIN,Failed to retrieve product information
PID-L0WLM6,TCIN,Failed to retrieve product information
PID-MR3LP6,TCIN,Failed to retrieve product information
PID-MR5LL1,TCIN,Failed to retrieve product information
PID-P61M0G,TCIN,Failed to retrieve product information
PID-R635Y2,TCIN,Failed to retrieve product information
PID-WRX9GX,TCIN,Failed to retrieve product information
PID-YPGG08,TCIN,Failed to retrieve product information
PID-YR79W4,TCIN,Failed to retrieve product information
PID-Z2M37Z,TCIN,Failed to retrieve product information
PID-35KE46,TCIN,Failed to retrieve product information
PID-87105E,TCIN,Failed to retrieve product information
PID-E771P3,TCIN,Failed to retrieve product information
PID-L0G16K,TCIN,Failed to retrieve product information
PID-P6460M,TCIN,Failed to retrieve product information
PID-R673WY,TCIN,Failed to retrieve product information
PID-R6X843,TCIN,Failed to retrieve product information
PID-RW42LM,TCIN,Failed to retrieve product information
PID-WR1GY1,TCIN,Failed to retrieve product information
PID-YP8KE0,TCIN,Failed to retrieve product information
PID-2M17KL,TCIN,Failed to retrieve product information
PID-44Y084,TCIN,Failed to retrieve product information
PID-451140,TCIN,Failed to retrieve product information
PID-G829K4,TCIN,Failed to retrieve product information
PID-X0M764,TCIN,Failed to retrieve product information
PID-X2KPL5,TCIN,Failed to retrieve product information
PID-2M6X5L,TCIN,Failed to retrieve product information
PID-2MRX2X,TCIN,Failed to retrieve product information
PID-356048,TCIN,Failed to retrieve product information
PID-35R03X,TCIN,Failed to retrieve product information
PID-KLEGXZ,TCIN,Failed to retrieve product information
PID-KLKKP5,TCIN,Failed to retrieve product information
PID-P6Z7MK,TCIN,Failed to retrieve product information
PID-Z233Z2,TCIN,Failed to retrieve product information
PID-0L7L2M,TCIN,Failed to retrieve product information
PID-0LZERZ,TCIN,Failed to retrieve product information
